title,link,name,desc
博客,/articles,,
问答,/ask,,
聚能聊,/roundtable,,
直播,/webinar,,
云课堂,/edu/lesson,,
论坛,https://bbs.aliyun.com,,
公众号,/teams,,
云栖神侠,/expert/,,
掌上云栖,https://www.aliyun.com/app,,
,,,
,,,
,,,
,,,
,,,
明星专家,#expert-panel,,
明星公众号,#publish-panel,,
,,,
PostgreSQL 按拼音排序 - convert to GBK/EUC_CN coding,/articles/65289,,"
                  ,
                "
区块链的那些事，你知道和不知道的都在这里！,/articles/65264,,"
                  ,
                "
何云飞：双11计算的本质是脉冲计算,/articles/65249,,"
                  ,
                "
2016阿里云数据库双11复盘-自动化备战，0干预,/articles/65099,,"
                  ,
                "
探究根源：自动决策已成为生活的一部分，那机器学习和人工智能有哪些偏见？,/articles/65042,,"
                  ,
                "
公告,#notice-tab-panel,,
帮助,#hlep-tab-panel,,
规则,#rule-tab-panel,,
云栖社区有奖签到来啦！,/articles/65172,,"
                  ,
                "
云栖社区博主回馈计划来啦：技术好书等你拿,/articles/64968,,"
                  ,
                "
云栖社区经验值及消费币（云朵）上线公告,/articles/62329,,"
                  ,
                "
云栖社区公众号运营指南,/articles/5523,,"
                  ,
                "
云栖社区“专家”申请上线啦！,/articles/2988,,"
                  ,
                "
云栖社区博客搬家流程,/articles/2747,,"
                  ,
                "
云栖社区用户行为准则（2016.10.25版）,/articles/62310,,"
                  ,
                "
云栖社区用户行为准则,/articles/48,,"
                  ,
                "
,,,
云周刊,#weekly-panel,,
大数据周刊,#express-panel,,
97期：大流量与高并发—双11技术盘点,/articles/62932,,"
                  ,
                "
96期：阿里技术架构演变,/articles/62931,,"
                  ,
                "
95期：Docker常见故障排查指南大全,/articles/62930,,"
                  ,
                "
开源大数据周刊-第32期,/articles/65194,,"
                  ,
                "
开源大数据周刊-第31期,/articles/64876,,"
                  ,
                "
开源大数据周刊-第30期,/articles/64361,,"
                  ,
                "
,,,
,,,
云效无线测试平台新品发布 用技术驱动企业提效,https://bbs.aliyun.com/read/296878.html,,"
                  ,
                "
【云栖大会分享Day】赏四大美女，抢虚机、邮箱开通码~,https://bbs.aliyun.com/read/294972.html,,"
                  ,
                "
史上最全的云虚拟主机教程导航,https://bbs.aliyun.com/read/294307.html,,"
                  ,
                "
细数iOS上的那些安全防护,https://bbs.aliyun.com/read/292572.html,,"
                  ,
                "
【高端测评】三家主流CDN测评,https://bbs.aliyun.com/read/292344.html?,,"
                  ,
                "
,,,
阿里技术协会,/tags/tagid_523/,,"
                  ,
                "
博文视点,http://www.broadview.com.cn/,,"
                  ,
                "
阿里研究院,http://www.aliresearch.com/,,"
                  ,
                "
MySQL官方社区,http://www.mysql.com/,,"
                  ,
                "
title,link,name,desc
博客,/articles,,
问答,/ask,,
聚能聊,/roundtable,,
直播,/webinar,,
云课堂,/edu/lesson,,
论坛,https://bbs.aliyun.com,,
公众号,/teams,,
云栖神侠,/expert/,,
掌上云栖,https://www.aliyun.com/app,,
,,,
,,,
,,,
,,,
,,,
明星专家,#expert-panel,,
明星公众号,#publish-panel,,
,,,
PostgreSQL 按拼音排序 - convert to GBK/EUC_CN coding,/articles/65289,,"
                  ,
                "
区块链的那些事，你知道和不知道的都在这里！,/articles/65264,,"
                  ,
                "
何云飞：双11计算的本质是脉冲计算,/articles/65249,,"
                  ,
                "
2016阿里云数据库双11复盘-自动化备战，0干预,/articles/65099,,"
                  ,
                "
探究根源：自动决策已成为生活的一部分，那机器学习和人工智能有哪些偏见？,/articles/65042,,"
                  ,
                "
公告,#notice-tab-panel,,
帮助,#hlep-tab-panel,,
规则,#rule-tab-panel,,
云栖社区有奖签到来啦！,/articles/65172,,"
                  ,
                "
云栖社区博主回馈计划来啦：技术好书等你拿,/articles/64968,,"
                  ,
                "
云栖社区经验值及消费币（云朵）上线公告,/articles/62329,,"
                  ,
                "
云栖社区公众号运营指南,/articles/5523,,"
                  ,
                "
云栖社区“专家”申请上线啦！,/articles/2988,,"
                  ,
                "
云栖社区博客搬家流程,/articles/2747,,"
                  ,
                "
云栖社区用户行为准则（2016.10.25版）,/articles/62310,,"
                  ,
                "
云栖社区用户行为准则,/articles/48,,"
                  ,
                "
,,,
云周刊,#weekly-panel,,
大数据周刊,#express-panel,,
97期：大流量与高并发—双11技术盘点,/articles/62932,,"
                  ,
                "
96期：阿里技术架构演变,/articles/62931,,"
                  ,
                "
95期：Docker常见故障排查指南大全,/articles/62930,,"
                  ,
                "
开源大数据周刊-第32期,/articles/65194,,"
                  ,
                "
开源大数据周刊-第31期,/articles/64876,,"
                  ,
                "
开源大数据周刊-第30期,/articles/64361,,"
                  ,
                "
,,,
,,,
云效无线测试平台新品发布 用技术驱动企业提效,https://bbs.aliyun.com/read/296878.html,,"
                  ,
                "
【云栖大会分享Day】赏四大美女，抢虚机、邮箱开通码~,https://bbs.aliyun.com/read/294972.html,,"
                  ,
                "
史上最全的云虚拟主机教程导航,https://bbs.aliyun.com/read/294307.html,,"
                  ,
                "
细数iOS上的那些安全防护,https://bbs.aliyun.com/read/292572.html,,"
                  ,
                "
【高端测评】三家主流CDN测评,https://bbs.aliyun.com/read/292344.html?,,"
                  ,
                "
,,,
阿里技术协会,/tags/tagid_523/,,"
                  ,
                "
博文视点,http://www.broadview.com.cn/,,"
                  ,
                "
阿里研究院,http://www.aliresearch.com/,,"
                  ,
                "
MySQL官方社区,http://www.mysql.com/,,"
                  ,
                "
